korean,english
°¡,gaq
°¢,gak
°£,gan
°¤,gat
°¥,gal
°¦,gak
°§,gam
°¨,gahm
°©,gap
°ª,gap
°«,gat
°¬,gat
°­,gang
°®,gat
°¯,gat
°°,gat
°±,gap
°²,gat
°³,gae
°´,gaek
°µ,gaen
°¶,gael
°·,gaem
°¸,gaep
°¹,gaet
°º,gaet
°»,gaeng
°¼,gyah
°½,gyak
°¾,gyan
°¿,gyal
°À,gyat
°Á,gyang
°Â,gyae
°Ã,gyaen
°Ä,gyael
°Å,go
°Æ,geok
°Ç,geon
°È,geot
°É,geol
°Ê,geom
°Ë,geom
°Ì,geop
°Í,gut
°Î,geot
°Ï,geong
°Ð,geot
°Ñ,geot
°Ò,geop
°Ó,geot
°Ô,geh
°Õ,gen
°Ö,gel
°×,gem
°Ø,gep
°Ù,get
°Ú,get
°Û,geng
°Ü,gyo
°Ý,gyock
°Þ,gyeok
°ß,gyeon
°à,gyeot
°á,gyeol
°â,gyeom
°ã,gyeop
°ä,gyeot
°å,gyeot
°æ,gyong
°ç,gyeot
°è,gehh
°é,gyen
°ê,gyel
°ë,gyep
°ì,gyet
°í,go
°î,gok
°ï,gon
°ð,got
°ñ,gol
°ò,gom
°ó,gol
°ô,gol
°õ,gom
°ö,gop
°÷,got
°ø,gong
°ù,got
°ú,gwah
°û,gwak
°ü,gwan
°ý,gwal
°þ,gwam
±¡,gwam
±¢,gwap
±£,gwat
±¤,gwang
±¥,gwae
±¦,gwaen
±§,gwael
±¨,gwaep
±©,gwaet
±ª,gwaeng
±«,goe
±¬,goek
±­,goen
±®,goel
±¯,goem
±°,goep
±±,goet
±²,goeng
±³,gyo
±´,gyon
±µ,gyol
±¶,gyop
±·,gyot
±¸,goo
±¹,guk
±º,gun
±»,gut
±¼,gul
±½,guk
±¾,gum
±¿,gul
±À,gum
±Á,gup
±Â,gut
±Ã,gung
±Ä,gut
±Å,gwo
±Æ,gwok
±Ç,gwon
±È,gwol
±É,gwot
±Ê,gwong
±Ë,gwe
±Ì,gwet
±Í,gwi
±Î,gwik
±Ï,gwin
±Ð,gwil
±Ñ,gwim
±Ò,gwip
±Ó,gwit
±Ô,gyoo
±Õ,gyun
±Ö,gyul
±×,guu
±Ø,geuk
±Ù,gun
±Ú,geut
±Û,geul
±Ü,geuk
±Ý,geum
±Þ,geup
±ß,geut
±à,geung
±á,gui
±â,gee
±ã,gik
±ä,gin
±å,git
±æ,gil
±ç,gim
±è,gim
±é,gip
±ê,git
±ë,ging
±ì,git
±í,gip
±î,kkah
±ï,kkak
±ð,kkak
±ñ,kkan
±ò,kkal
±ó,kkam
±ô,kkam
±õ,kkap
±ö,kkat
±÷,kkat
±ø,kkang
±ù,kkat
±ú,kkae
±û,kkaek
±ü,kkaen
±ý,kkael
±þ,kkaem
²¡,kkaep
²¢,kkaet
²£,kkaet
²¤,kkaeng
²¥,kkyah
²¦,kkyak
²§,kkyal
²¨,kko
²©,kkeok
²ª,kkeok
²«,kkeon
²¬,kkeol
²­,kkeom
²®,kkeop
²¯,kkeot
²°,kkeot
²±,kkeong
²²,kkeh
²³,kkek
²´,kken
²µ,kkem
²¶,kket
²·,kkeng
²¸,kkyo
²¹,kkyeon
²º,kkyeol
²»,kkyeot
²¼,kkyeot
²½,kkyeot
²¾,kkye
²¿,kko
²À,kkok
²Á,kkon
²Â,kkon
²Ã,kkol
²Ä,kkom
²Å,kkop
²Æ,kkot
²Ç,kkong
²È,kkot
²É,koch
²Ê,kkwah
²Ë,kkwak
²Ì,kkwal
²Í,kkwat
²Î,kkwang
²Ï,kkwae
²Ð,kkwaek
²Ñ,kkwaeng
²Ò,kkoe
²Ó,kkoen
²Ô,kkoel
²Õ,kkoem
²Ö,kkoep
²×,kkoeng
²Ø,kkyo
²Ù,kkoo
²Ú,kkuk
²Û,kkun
²Ü,kkul
²Ý,kkul
²Þ,kkum
²ß,kkup
²à,kkut
²á,kkung
²â,kkut
²ã,kkwo
²ä,kkwol
²å,kkwot
²æ,kkwong
²ç,kkwe
²è,kkwek
²é,kkwen
²ê,kkwel
²ë,kkwem
²ì,kkwep
²í,kkwet
²î,kkwi
²ï,kkwin
²ð,kkwil
²ñ,kkwim
²ò,kkwip
²ó,kkyoo
²ô,kkeoo
²õ,kkeuk
²ö,kkun
²÷,kkun
²ø,kkeul
²ù,kkeum
²ú,kkeul
²û,kkeum
²ü,kkeup
²ý,kkeut
²þ,kkeung
³¡,kkeut
³¢,kki
³£,kkik
³¤,kkin
³¥,kkil
³¦,kkim
³§,kkip
³¨,kkit
³©,kking
³ª,nah
³«,nak
³¬,nak
³­,nan
³®,nat
³¯,nal
³°,nak
³±,nam
³²,nam
³³,nap
³´,nat
³µ,nat
³¶,nang
³·,nat
³¸,nat
³¹,nat
³º,nat
³»,nae
³¼,naek
³½,naen
³¾,nael
³¿,naem
³À,naep
³Á,naet
³Â,naet
³Ã,naeng
³Ä,nyah
³Å,nyak
³Æ,nyan
³Ç,nyal
³È,nyam
³É,nyang
³Ê,no
³Ë,neok
³Ì,neok
³Í,neon
³Î,neol
³Ï,neom
³Ð,neol
³Ñ,neom
³Ò,neop
³Ó,neot
³Ô,neot
³Õ,neong
³Ö,neot
³×,ne
³Ø,nek
³Ù,nen
³Ú,nel
³Û,nem
³Ü,nep
³Ý,net
³Þ,net
³ß,neng
³à,nyo
³á,nyeok
³â,nyeon
³ã,nyeol
³ä,nyeom
³å,nyeop
³æ,nyeot
³ç,nyeong
³è,nyeok
³é,nye
³ê,nyen
³ë,no
³ì,nok
³í,non
³î,nol
³ï,nom
³ð,nom
³ñ,nop
³ò,not
³ó,nong
³ô,nop
³õ,not
³ö,nwah
³÷,nwan
³ø,nwal
³ù,nwat
³ú,noe
³û,noen
³ü,noel
³ý,noem
³þ,noep
´¡,noet
´¢,nyo
´£,nyok
´¤,nyon
´¥,nyol
´¦,nyop
´§,nyot
´¨,nyong
´©,noo
´ª,nuk
´«,noon
´¬,nut
´­,nul
´®,num
´¯,nup
´°,nut
´±,nung
´²,nwo
´³,nwot
´´,nwe
´µ,nwi
´¶,nwin
´·,nwil
´¸,nwim
´¹,nwip
´º,nyoo
´»,nyuk
´¼,nyul
´½,nyum
´¾,nyup
´¿,nyung
´À,neoo
´Á,neuk
´Â,nun
´Ã,neul
´Ä,neuk
´Å,neum
´Æ,neum
´Ç,neup
´È,neut
´É,neung
´Ê,neut
´Ë,neup
´Ì,nui
´Í,nuin
´Î,nuil
´Ï,ni
´Ð,nik
´Ñ,nin
´Ò,nil
´Ó,nim
´Ô,nim
´Õ,nip
´Ö,nit
´×,ning
´Ø,nip
´Ù,dah
´Ú,dak
´Û,dak
´Ü,dan
´Ý,dat
´Þ,dal
´ß,dak
´à,dam
´á,dal
´â,dal
´ã,dam
´ä,dap
´å,dat
´æ,dat
´ç,dang
´è,dat
´é,dat
´ê,dat
´ë,dae
´ì,daek
´í,daen
´î,dael
´ï,daem
´ð,daep
´ñ,daet
´ò,daet
´ó,daeng
´ô,dyah
´õ,de
´ö,deok
´÷,deok
´ø,deon
´ù,deot
´ú,deol
´û,deom
´ü,deol
´ý,deom
´þ,deop
µ¡,deot
µ¢,deong
µ£,deot
µ¤,deop
µ¥,de
µ¦,dek
µ§,den
µ¨,del
µ©,dem
µª,dep
µ«,det
µ¬,det
µ­,deng
µ®,dyo
µ¯,dyeon
µ°,dyeol
µ±,dyeot
µ²,dyeong
µ³,dye
µ´,dyen
µµ,doe
µ¶,dok
µ·,don
µ¸,dot
µ¹,dol
µº,dom
µ»,dol
µ¼,dom
µ½,dop
µ¾,dot
µ¿,dong
µÀ,dot
µÁ,dot
µÂ,dwah
µÃ,dwan
µÄ,dwal
µÅ,dwae
µÆ,dwaet
µÇ,doe
µÈ,doen
µÉ,doel
µÊ,doem
µË,doep
µÌ,doet
µÍ,dyo
µÎ,doo
µÏ,duk
µÐ,dun
µÑ,dul
µÒ,dum
µÓ,dup
µÔ,dut
µÕ,dung
µÖ,dwo
µ×,dwot
µØ,dwe
µÙ,dweng
µÚ,di
µÛ,dwin
µÜ,dwil
µÝ,dwip
µÞ,dwit
µß,dwing
µà,dyoo
µá,dyun
µâ,dyul
µã,dyum
µä,dyung
µå,deoo
µæ,deuk
µç,dun
µè,deut
µé,deul
µê,deum
µë,deum
µì,deup
µí,deut
µî,deung
µï,di
µð,di
µñ,dik
µò,din
µó,dit
µô,dil
µõ,dim
µö,dip
µ÷,dit
µø,dit
µù,ding
µú,dit
µû,ttah
µü,ttak
µý,ttan
µþ,ttal
¶¡,ttam
¶¢,ttap
¶£,ttat
¶¤,ttat
¶¥,ddang
¶¦,ttat
¶§,ttae
¶¨,ttaek
¶©,ttaen
¶ª,ttael
¶«,ttaem
¶¬,ttaep
¶­,ttaet
¶®,ttaet
¶¯,tang
¶°,tto
¶±,tteok
¶²,tteon
¶³,tteol
¶´,tteom
¶µ,tteol
¶¶,tteom
¶·,tteop
¶¸,tteot
¶¹,tteot
¶º,tteong
¶»,tteot
¶¼,tte
¶½,ttek
¶¾,tten
¶¿,ttel
¶À,ttem
¶Á,ttep
¶Â,ttet
¶Ã,ttet
¶Ä,tteng
¶Å,ttyo
¶Æ,ttyeot
¶Ç,tto
¶È,ttok
¶É,tton
¶Ê,ttol
¶Ë,ttong
¶Ì,ttwah
¶Í,ttwal
¶Î,ttwae
¶Ï,ttoe
¶Ð,ttoen
¶Ñ,ttoo
¶Ò,ttuk
¶Ó,ttun
¶Ô,ttul
¶Õ,ttul
¶Ö,ttum
¶×,ttung
¶Ø,ttwe
¶Ù,ttwi
¶Ú,ttwin
¶Û,ttwil
¶Ü,ttwim
¶Ý,ttwip
¶Þ,ttwing
¶ß,tteoo
¶à,tteuk
¶á,ttun
¶â,tteut
¶ã,tteul
¶ä,tteum
¶å,tteup
¶æ,tteut
¶ç,ttui
¶è,ttuin
¶é,ttuil
¶ê,ttuim
¶ë,ttuip
¶ì,tti
¶í,ttin
¶î,ttil
¶ï,ttim
¶ð,ttip
¶ñ,ttit
¶ò,tting
¶ó,rah
¶ô,rak
¶õ,ran
¶ö,ral
¶÷,rahm
¶ø,rap
¶ù,rat
¶ú,rat
¶û,raang
¶ü,rat
¶ý,rap
¶þ,rat
·¡,rae
·¢,raek
·£,raen
·¤,rael
·¥,raem
·¦,raep
·§,raet
·¨,raet
·©,raeng
·ª,ryah
·«,ryak
·¬,ryan
·­,ryat
·®,ryang
·¯,ro
·°,reok
·±,reon
·²,rel
·³,rum
·´,reop
·µ,reot
·¶,reot
··,reong
·¸,reot
·¹,re
·º,rek
·»,ren
·¼,rel
·½,rem
·¾,rep
·¿,ret
·À,reng
·Á,ryo
·Â,ryeok
·Ã,ryeon
·Ä,ryeol
·Å,ryeom
·Æ,reop
·Ç,ryeot
·È,ryeot
·É,ryeong
·Ê,rye
·Ë,ryen
·Ì,ryep
·Í,ryet
·Î,ro
·Ï,rok
·Ð,ron
·Ñ,rol
·Ò,rom
·Ó,rop
·Ô,rot
·Õ,rong
·Ö,rwah
·×,rwan
·Ø,rwang
·Ù,rwaet
·Ú,roe
·Û,roen
·Ü,roel
·Ý,roem
·Þ,roep???
·ß,roet
·à,roeng
·á,ryo
·â,ryon
·ã,ryol
·ä,ryop
·å,ryot
·æ,ryong
·ç,roo
·è,ruk
·é,run
·ê,rul
·ë,rum
·ì,rup
·í,rut
·î,rung
·ï,rwo
·ð,rwot
·ñ,rwe
·ò,rwi
·ó,rwik
·ô,rwin
·õ,rwil
·ö,rwim
·÷,rwit
·ø,rwing
·ù,ryoo
·ú,ryuk
·û,ryun
·ü,ryul
·ý,ryum
·þ,ryup
¸¡,ryut
¸¢,ryung
¸£,reoo
¸¤,reuk
¸¥,run
¸¦,reul
¸§,reum
¸¨,reup
¸©,reut
¸ª,reung
¸«,reut
¸¬,reut
¸­,reup
¸®,re
¸¯,rik
¸°,rin
¸±,ril
¸²,rim
¸³,rip
¸´,rit
¸µ,ring
¸¶,mah
¸·,mak
¸¸,maan
¸¹,man
¸º,mat
¸»,maal
¸¼,mak
¸½,mam
¸¾,mam
¸¿,map
¸À,mat
¸Á,mang
¸Â,mat
¸Ã,mat
¸Ä,mat
¸Å,mae
¸Æ,maek
¸Ç,maen
¸È,mael
¸É,maem
¸Ê,maep
¸Ë,maet
¸Ì,maet
¸Í,maeng
¸Î,maet
¸Ï,myah
¸Ð,myak
¸Ñ,myal
¸Ò,myang
¸Ó,mo
¸Ô,muc
¸Õ,meon
¸Ö,meol
¸×,meom
¸Ø,meom
¸Ù,meop
¸Ú,meot
¸Û,meong
¸Ü,meot
¸Ý,meot
¸Þ,me
¸ß,mek
¸à,men
¸á,mel
¸â,mem
¸ã,mep
¸ä,met
¸å,met
¸æ,meng
¸ç,myuu
¸è,myeok
¸é,myun
¸ê,myeol
¸ë,myeot
¸ì,myeot
¸í,myeong
¸î,myeot
¸ï,mye
¸ð,mo
¸ñ,mok
¸ò,mok
¸ó,mon
¸ô,mol
¸õ,mom
¸ö,mom
¸÷,mop
¸ø,mot
¸ù,mong
¸ú,mwah
¸û,mwan
¸ü,mwat
¸ý,mwang
¸þ,moe
¹¡,moen
¹¢,moel
¹£,moep
¹¤,moet
¹¥,moeng
¹¦,myo
¹§,myon
¹¨,myol
¹©,myop
¹ª,myot
¹«,moo
¹¬,muk
¹­,muk
¹®,mun
¹¯,mut
¹°,mul
¹±,muk
¹²,mum
¹³,mum
¹´,mup
¹µ,mut
¹¶,mung
¹·,mut
¹¸,mut
¹¹,mwo
¹º,mwon
¹»,mwol
¹¼,mwop
¹½,mwot
¹¾,mwe
¹¿,mwi
¹À,mwin
¹Á,mwil
¹Â,myoo
¹Ã,myun
¹Ä,myul
¹Å,myum
¹Æ,myut
¹Ç,meoo
¹È,mun
¹É,meul
¹Ê,meum
¹Ë,meut
¹Ì,me
¹Í,mik
¹Î,min
¹Ï,mit
¹Ð,mil
¹Ñ,mim
¹Ò,mim
¹Ó,mip
¹Ô,mit
¹Õ,mit
¹Ö,ming
¹×,mit
¹Ø,mit
¹Ù,bah
¹Ú,bak
¹Û,bak
¹Ü,bak
¹Ý,ban
¹Þ,bat
¹ß,bahl
¹à,bak
¹á,bam
¹â,bap
¹ã,bam
¹ä,bap
¹å,bat
¹æ,bahng
¹ç,bat
¹è,bae
¹é,baek
¹ê,baen
¹ë,bael
¹ì,baem
¹í,baep
¹î,baet
¹ï,baet
¹ð,baeng
¹ñ,baet
¹ò,byah
¹ó,byak
¹ô,byan
¹õ,byap
¹ö,bo
¹÷,beok
¹ø,beon
¹ù,beot
¹ú,beol
¹û,beom
¹ü,beom
¹ý,beop
¹þ,beot
º¡,beong
º¢,beot
º£,be
º¤,bek
º¥,ben
º¦,bet
º§,bel
º¨,bem
º©,bep
ºª,bet
º«,bet
º¬,beng
º­,byo
º®,byeok
º¯,byeon
º°,byeol
º±,byeop
º²,byeot
º³,byeot
º´,byeong
ºµ,byeot
º¶,bye
º·,byen
º¸,bo
º¹,bok
ºº,bok
º»,bon
º¼,bol
º½,bom
º¾,bop
º¿,bot
ºÀ,bong
ºÁ,bwah
ºÂ,bwan
ºÃ,bwat
ºÄ,bwae
ºÅ,bwaet
ºÆ,boe
ºÇ,boek
ºÈ,boen
ºÉ,boel
ºÊ,boem
ºË,boep
ºÌ,byo
ºÍ,byon
ºÎ,boo
ºÏ,buk
ºÐ,bun
ºÑ,but
ºÒ,bul
ºÓ,buk
ºÔ,bum
ºÕ,bum
ºÖ,bup
º×,but
ºØ,bung
ºÙ,but
ºÚ,bup
ºÛ,bwo
ºÜ,bwol
ºÝ,bwot
ºÞ,bwe
ºß,bwi
ºà,bwik
ºá,bwin
ºâ,bwil
ºã,bwing
ºä,byoo
ºå,byun
ºæ,byul
ºç,byum
ºè,byut
ºé,byung
ºê,beoo
ºë,beuk
ºì,bun
ºí,beul
ºî,beum
ºï,beup
ºð,beut
ºñ,bee
ºò,bik
ºó,bin
ºô,bil
ºõ,bim
ºö,bim
º÷,bip
ºø,bit
ºù,bing
ºú,bit
ºû,bit
ºü,ppah
ºý,ppak
ºþ,ppan
»¡,ppal
»¢,ppam
»£,ppam
»¤,ppap
»¥,ppat
»¦,ppat
»§,ppang
»¨,ppat
»©,ppae
»ª,ppaek
»«,ppaen
»¬,ppael
»­,ppaem
»®,ppaep
»¯,ppaet
»°,ppaet
»±,ppaeng
»²,ppyah
»³,ppyak
»´,ppyam
»µ,ppo
»¶,ppeok
»·,ppeon
»¸,ppeot
»¹,ppeol
»º,ppeom
»»,ppeot
»¼,ppeot
»½,ppeong
»¾,ppe
»¿,ppeng
»À,ppyo
»Á,ppyeok
»Â,ppyeom
»Ã,ppyeop
»Ä,ppyeot
»Å,ppyeot
»Æ,ppyeong
»Ç,ppo
»È,ppok
»É,ppon
»Ê,ppol
»Ë,ppom
»Ì,ppop
»Í,ppong
»Î,ppoe
»Ï,ppyo
»Ð,ppyong
»Ñ,ppoo
»Ò,ppuk
»Ó,ppun
»Ô,ppul
»Õ,ppum
»Ö,pput
»×,ppung
»Ø,ppyoo
»Ù,ppyung
»Ú,ppeoo
»Û,ppun
»Ü,ppeul
»Ý,ppeum
»Þ,ppeup
»ß,ppee
»à,ppik
»á,ppin
»â,ppil
»ã,ppim
»ä,ppip
»å,ppit
»æ,pping
»ç,sah
»è,sak
»é,sak
»ê,san
»ë,sat
»ì,sal
»í,sak
»î,sam
»ï,sam
»ð,sap
»ñ,sat
»ò,sat
»ó,saang
»ô,saat
»õ,sae
»ö,saek
»÷,saen
»ø,sael
»ù,saem
»ú,saep
»û,saet
»ü,saet
»ý,saeng
»þ,syah
¼¡,syak
¼¢,syan
¼£,syal
¼¤,syam
¼¥,syap
¼¦,syat
¼§,syang
¼¨,syae
¼©,syaen
¼ª,syael
¼«,syaem
¼¬,syaeng
¼­,so
¼®,seok
¼¯,seok
¼°,seok
¼±,seon
¼²,seot
¼³,seol
¼´,seom
¼µ,seol
¼¶,seom
¼·,seop
¼¸,seot
¼¹,seot
¼º,seong
¼»,seop
¼¼,sei
¼½,sek
¼¾,sen
¼¿,sel
¼À,sem
¼Á,sep
¼Â,set
¼Ã,set
¼Ä,seng
¼Å,syo
¼Æ,syeok
¼Ç,syeon
¼È,syeol
¼É,syeom
¼Ê,syeop
¼Ë,syeot
¼Ì,syeot
¼Í,syeong
¼Î,sye
¼Ï,syen
¼Ð,syel
¼Ñ,syeng
¼Ò,so
¼Ó,sok
¼Ô,sok
¼Õ,son
¼Ö,sol
¼×,som
¼Ø,som
¼Ù,sop
¼Ú,sot
¼Û,song
¼Ü,sot
¼Ý,swah
¼Þ,swak
¼ß,swan
¼à,swal
¼á,swang
¼â,swae
¼ã,swaen
¼ä,swael
¼å,swaem
¼æ,swaet
¼ç,swaet
¼è,soe
¼é,soen
¼ê,soel
¼ë,soem
¼ì,soep
¼í,soet
¼î,syo
¼ï,syok
¼ð,syon
¼ñ,syol
¼ò,syom
¼ó,syop
¼ô,syot
¼õ,syong
¼ö,soo
¼÷,suk
¼ø,sun
¼ù,sut
¼ú,sul
¼û,sum
¼ü,sup
¼ý,sut
¼þ,sung
½¡,sut
½¢,sut
½£,sup
½¤,swo
½¥,swot
½¦,swe
½§,swek
½¨,swen
½©,swel
½ª,swem
½«,sweng
½¬,swi
½­,swik
½®,swin
½¯,swil
½°,swim
½±,swip
½²,swit
½³,swing
½´,syoo
½µ,syuk
½¶,syul
½·,syum
½¸,syut
½¹,syung
½º,seoo
½»,seuk
½¼,sun
½½,seul
½¾,seuk
½¿,seum
½À,seup
½Á,seut
½Â,seung
½Ã,si
½Ä,sik
½Å,sin
½Æ,sit
½Ç,sil
½È,sil
½É,sim
½Ê,sip
½Ë,sit
½Ì,sing
½Í,sip
½Î,ssah
½Ï,ssak
½Ð,ssak
½Ñ,ssan
½Ò,ssal
½Ó,ssam
½Ô,ssap
½Õ,ssat
½Ö,ssang
½×,ssat
½Ø,ssae
½Ù,ssaek
½Ú,ssaen
½Û,ssael
½Ü,ssaem
½Ý,ssaep
½Þ,ssaet
½ß,ssaeng
½à,ssyang
½á,sso
½â,sseok
½ã,sseon
½ä,sseol
½å,sseom
½æ,sseom
½ç,sseop
½è,sseot
½é,sseong
½ê,sse
½ë,ssen
½ì,ssel
½í,ssyen
½î,sso
½ï,ssok
½ð,sson
½ñ,ssot
½ò,ssol
½ó,ssom
½ô,ssom
½õ,ssop
½ö,ssong
½÷,sswah
½ø,sswak
½ù,sswan
½ú,sswat
½û,sswae
½ü,sswaet
½ý,ssoe
½þ,ssoen
¾¡,ssoel
¾¢,ssoem
¾£,ssoep
¾¤,ssyo
¾¥,ssoo
¾¦,ssuk
¾§,ssun
¾¨,ssul
¾©,ssum
¾ª,ssup
¾«,ssung
¾¬,sswo
¾­,sswot
¾®,sswe
¾¯,sswi
¾°,sswin
¾±,ssyung
¾²,sseoo
¾³,sseuk
¾´,ssun
¾µ,sseul
¾¶,sseum
¾·,sseul
¾¸,sseum
¾¹,sseup
¾º,ssui
¾»,ssuin
¾¼,ssuil
¾½,ssuim
¾¾,ssee
¾¿,ssik
¾À,ssin
¾Á,ssil
¾Â,ssim
¾Ã,ssip
¾Ä,ssit
¾Å,ssing
¾Æ,ah
¾Ç,ak
¾È,an
¾É,an
¾Ê,an
¾Ë,al
¾Ì,ak
¾Í,am
¾Î,al
¾Ï,am
¾Ð,ap
¾Ñ,at
¾Ò,aat
¾Ó,ang
¾Ô,at
¾Õ,ap
¾Ö,ae
¾×,aek
¾Ø,aen
¾Ù,ael
¾Ú,aem
¾Û,aep
¾Ü,aet
¾Ý,aet
¾Þ,aeng
¾ß,yah
¾à,yak
¾á,yan
¾â,yal
¾ã,yal
¾ä,yam
¾å,yap
¾æ,yat
¾ç,yang
¾è,yat
¾é,yat
¾ê,yae
¾ë,yaen
¾ì,yael
¾í,yaep
¾î,o
¾ï,eok
¾ð,eon
¾ñ,eon
¾ò,eot
¾ó,eol
¾ô,eok
¾õ,eom
¾ö,eom
¾÷,eop
¾ø,up
¾ù,eot
¾ú,uc
¾û,eong
¾ü,eot
¾ý,eok
¾þ,eop
¿¡,eh
¿¢,ek
¿£,en
¿¤,el
¿¥,em
¿¦,ep
¿§,et
¿¨,eng
¿©,yo
¿ª,yeok
¿«,yeok
¿¬,yeon
¿­,yeol
¿®,yeom
¿¯,yeol
¿°,yeom
¿±,yeop
¿²,yeop
¿³,yeot
¿´,yeot
¿µ,yeong
¿¶,yeot
¿·,yeop
¿¸,yeot
¿¹,ye
¿º,yen
¿»,yel
¿¼,yem
¿½,yep
¿¾,yet
¿¿,yet
¿À,o
¿Á,ok
¿Â,on
¿Ã,ol
¿Ä,ok
¿Å,om
¿Æ,ol
¿Ç,ol
¿È,om
¿É,op
¿Ê,ot
¿Ë,ong
¿Ì,ot
¿Í,wah
¿Î,wak
¿Ï,wan
¿Ð,wal
¿Ñ,wam
¿Ò,wap
¿Ó,wat
¿Ô,wat
¿Õ,wang
¿Ö,wae
¿×,waek
¿Ø,waen
¿Ù,waem
¿Ú,waet
¿Û,waeng
¿Ü,oe
¿Ý,oek
¿Þ,oen
¿ß,oel
¿à,oem
¿á,oep
¿â,oet
¿ã,oeng
¿ä,yo
¿å,yok
¿æ,yon
¿ç,yol
¿è,yom
¿é,yop
¿ê,yot
¿ë,yong
¿ì,woo
¿í,uk
¿î,oon
¿ï,ul
¿ð,uk
¿ñ,um
¿ò,um
¿ó,up
¿ô,ut
¿õ,ung
¿ö,wo
¿÷,wok
¿ø,won
¿ù,wol
¿ú,wom
¿û,wop
¿ü,wot
¿ý,wong
¿þ,we
À¡,wek
À¢,wen
À£,wel
À¤,wem
À¥,wep
À¦,weng
À§,we
À¨,wik
À©,win
Àª,wil
À«,wim
À¬,wip
À­,wit
À®,wing
À¯,yoo
À°,yuk
À±,yun
À²,yul
À³,yum
À´,yup
Àµ,yut
À¶,yung
À·,yut
À¸,eoo
À¹,euk
Àº,en
À»,eul
À¼,eup
À½,eum
À¾,eup
À¿,eut
ÀÀ,eung
ÀÁ,eut
ÀÂ,eut
ÀÃ,euk
ÀÄ,eut
ÀÅ,eup
ÀÆ,eut
ÀÇ,ee
ÀÈ,uin
ÀÉ,uil
ÀÊ,uim
ÀË,uit
ÀÌ,ee
ÀÍ,ik
ÀÎ,in
ÀÏ,il
ÀÐ,ik
ÀÑ,im
ÀÒ,il
ÀÓ,im
ÀÔ,ip
ÀÕ,it
ÀÖ,it
À×,ing
ÀØ,it
ÀÙ,ip
ÀÚ,jah
ÀÛ,jak
ÀÜ,jan
ÀÝ,jan
ÀÞ,jat
Àß,jal
Àà,jam
Àá,jam
Àâ,jap
Àã,jat
Àä,jat
Àå,jang
Àæ,jat
Àç,jae
Àè,jaek
Àé,jaen
Àê,jael
Àë,jaem
Àì,jaep
Àí,jaet
Àî,jaet
Àï,jaeng
Àð,jyah
Àñ,jyak
Àò,jyan
Àó,jyan
Àô,jyal
Àõ,jyam
Àö,jyang
À÷,jyae
Àø,jyaen
Àù,jyael
Àú,jo
Àû,jeok
Àü,jeon
Àý,jeol
Àþ,jeom
Á¡,jeom
Á¢,jeop
Á£,jeot
Á¤,jeong
Á¥,jeot
Á¦,je
Á§,jek
Á¨,jen
Á©,jel
Áª,jem
Á«,jep
Á¬,jet
Á­,jeng
Á®,jo
Á¯,jeon
Á°,jeol
Á±,jeom
Á²,jeop
Á³,jeot
Á´,jeong
Áµ,jye
Á¶,jo
Á·,jok
Á¸,jon
Á¹,jol
Áº,jom
Á»,jom
Á¼,jop
Á½,jot
Á¾,jong
Á¿,jot
ÁÀ,jot
ÁÁ,jot
ÁÂ,jwah
ÁÃ,jwak
ÁÄ,jwal
ÁÅ,jwap
ÁÆ,jwat
ÁÇ,jwang
ÁÈ,jwae
ÁÉ,jwaet
ÁÊ,jwaeng
ÁË,joe
ÁÌ,joen
ÁÍ,joel
ÁÎ,joem
ÁÏ,joep
ÁÐ,joet
ÁÑ,joeng
ÁÒ,jyo
ÁÓ,jyok
ÁÔ,jyon
ÁÕ,jyong
ÁÖ,joo
Á×,juk
ÁØ,jun
ÁÙ,jool
ÁÚ,juk
ÁÛ,jum
ÁÜ,jum
ÁÝ,jup
ÁÞ,jut
Áß,jung
Áà,jwo
Áá,jwot
Áâ,jwe
Áã,jwi
Áä,jwik
Áå,jwin
Áæ,jwil
Áç,jwim
Áè,jwip
Áé,jwit
Áê,jyoo
Áë,jyun
Áì,jyul
Áí,jyum
Áî,jeoo
Áï,jeuk
Áð,jun
Áñ,jeul
Áò,jeum
Áó,jeup
Áô,jeut
Áõ,jeung
Áö,ji
Á÷,jik
Áø,jin
Áù,jit
Áú,jil
Áû,jim
Áü,jim
Áý,jip
Áþ,jit
Â¡,jing
Â¢,jit
Â£,jit
Â¤,jip
Â¥,jjah
Â¦,jjak
Â§,jjan
Â¨,jjan
Â©,jjal
Âª,jjal
Â«,jjam
Â¬,jjap
Â­,jjat
Â®,jjat
Â¯,jjang
Â°,jjae
Â±,jjaek
Â²,jjaen
Â³,jjael
Â´,jjaem
Âµ,jjaep
Â¶,jjaet
Â·,jjaet
Â¸,jjaeng
Â¹,jjyah
Âº,jjyan
Â»,jjyang
Â¼,jjo
Â½,jjeok
Â¾,jjeon
Â¿,jjeol
ÂÀ,jjeom
ÂÁ,jjeop
ÂÂ,jjeot
ÂÃ,jjeot
ÂÄ,jjeong
ÂÅ,jje
ÂÆ,jjeng
ÂÇ,jjo
ÂÈ,jjeot
ÂÉ,jjo
ÂÊ,jjok
ÂË,jjon
ÂÌ,jjol
ÂÍ,jjom
ÂÎ,jjop
ÂÏ,jjot
ÂÐ,jjong
ÂÑ,jjot
ÂÒ,jjwah
ÂÓ,jjwak
ÂÔ,jjwal
ÂÕ,jjwat
ÂÖ,jjwae
Â×,jjwaet
ÂØ,jjoe
ÂÙ,jjoen
ÂÚ,jjoel
ÂÛ,jjoem
ÂÜ,jjoep
ÂÝ,jjyong
ÂÞ,jjoo
Âß,jjuk
Âà,jjun
Âá,jjul
Ââ,jjum
Âã,jjup
Âä,jjung
Âå,jjwo
Âæ,jjwot
Âç,jjwong
Âè,jjwi
Âé,jjyoo
Âê,jjeoo
Âë,jjeum
Âì,jjeut
Âí,jjeung
Âî,jji
Âï,jjik
Âð,jjin
Âñ,jjil
Âò,jjim
Âó,jjip
Âô,jjing
Âõ,jjit
Âö,jjit
Â÷,chah
Âø,chak
Âù,chan
Âú,chaan
Âû,chal
Âü,cham
Âý,chap
Âþ,chat
Ã¡,chat
Ã¢,chang
Ã£,chat
Ã¤,chae
Ã¥,chaek
Ã¦,chaen
Ã§,chael
Ã¨,chaem
Ã©,chaep
Ãª,chaet
Ã«,chaet
Ã¬,chaeng
Ã­,chyah
Ã®,chyan
Ã¯,chyan
Ã°,chyal
Ã±,chyam
Ã²,chyang
Ã³,cho
Ã´,cheok
Ãµ,cheon
Ã¶,cheol
Ã·,cheom
Ã¸,cheop
Ã¹,cheot
Ãº,cheot
Ã»,cheong
Ã¼,che
Ã½,chek
Ã¾,chen
Ã¿,chel
ÃÀ,chem
ÃÁ,chep
ÃÂ,chet
ÃÃ,cheng
ÃÄ,cho
ÃÅ,cheon
ÃÆ,cheot
ÃÇ,chye
ÃÈ,chyen
ÃÉ,chyeng
ÃÊ,cho
ÃË,chok
ÃÌ,chon
ÃÍ,chol
ÃÎ,chom
ÃÏ,chop
ÃÐ,chot
ÃÑ,chong
ÃÒ,chwah
ÃÓ,chwan
ÃÔ,chwal
ÃÕ,chwang
ÃÖ,choe
Ã×,choen
ÃØ,choel
ÃÙ,choem
ÃÚ,choep
ÃÛ,choet
ÃÜ,choeng
ÃÝ,chyo
ÃÞ,chyom
Ãß,choo
Ãà,chuk
Ãá,chun
Ãâ,chul
Ãã,chum
Ãä,chup
Ãå,chut
Ãæ,chung
Ãç,chwo
Ãè,chwot
Ãé,chwe
Ãê,chwen
Ãë,chee
Ãì,chwin
Ãí,chwil
Ãî,chwim
Ãï,chwip
Ãð,chwit
Ãñ,chwing
Ãò,chyoo
Ãó,chyun
Ãô,chyul
Ãõ,chyum
Ãö,chyung
Ã÷,cheoo
Ãø,cheuk
Ãù,chun
Ãú,cheul
Ãû,cheum
Ãü,cheup
Ãý,cheut
Ãþ,cheung
Ä¡,chee
Ä¢,chik
Ä£,chin
Ä¤,chit
Ä¥,chil
Ä¦,chik
Ä§,chim
Ä¨,chip
Ä©,chit
Äª,ching
Ä«,kah
Ä¬,kak
Ä­,kan
Ä®,kal
Ä¯,kam
Ä°,kap
Ä±,kat
Ä²,kang
Ä³,kae
Ä´,kaek
Äµ,kaen
Ä¶,kael
Ä·,kaem
Ä¸,kaep
Ä¹,kaet
Äº,kaet
Ä»,kaeng
Ä¼,kyah
Ä½,kyak
Ä¾,kyang
Ä¿,ko
ÄÀ,keok
ÄÁ,keon
ÄÂ,keot
ÄÃ,keol
ÄÄ,keom
ÄÅ,keop
ÄÆ,keot
ÄÇ,keot
ÄÈ,keong
ÄÉ,ke
ÄÊ,kek
ÄË,ken
ÄÌ,kel
ÄÍ,kem
ÄÎ,kep
ÄÏ,ket
ÄÐ,keng
ÄÑ,kyo
ÄÒ,kyeon
ÄÓ,kyeol
ÄÔ,kyeom
ÄÕ,kyeop
ÄÖ,kyeot
Ä×,kyeot
ÄØ,kyeong
ÄÙ,kye
ÄÚ,kko
ÄÛ,kok
ÄÜ,kon
ÄÝ,kol
ÄÞ,kom
Äß,kop
Äà,kot
Äá,kong
Äâ,kwah
Äã,kwak
Ää,kwan
Äå,kwal
Äæ,kwam
Äç,kwang
Äè,kwae
Äé,kwaeng
Äê,koe
Äë,koel
Äì,kyo
Äí,koo
Äî,kuk
Äï,kun
Äð,kul
Äñ,kum
Äò,kup
Äó,kut
Äô,kung
Äõ,kwo
Äö,kwon
Ä÷,kwol
Äø,kwong
Äù,kwe
Äú,kweng
Äû,kwi
Äü,kwik
Äý,kwin
Äþ,kwil
Å¡,kwim
Å¢,kwip
Å£,kwit
Å¤,kwing
Å¥,que
Å¦,kyun
Å§,kyul
Å¨,kyum
Å©,keoo
Åª,keuk
Å«,kun
Å¬,keul
Å­,keum
Å®,keup
Å¯,keung
Å°,ki
Å±,kik
Å²,kin
Å³,kil
Å´,kim
Åµ,kip
Å¶,kit
Å·,king
Å¸,tah
Å¹,tak
Åº,tan
Å»,tal
Å¼,tak
Å½,tam
Å¾,tap
Å¿,tat
ÅÀ,tat
ÅÁ,tang
ÅÂ,tae
ÅÃ,taek
ÅÄ,taen
ÅÅ,tael
ÅÆ,taem
ÅÇ,taep
ÅÈ,taet
ÅÉ,taet
ÅÊ,taeng
ÅË,tyah
ÅÌ,tyang
ÅÍ,to
ÅÎ,teok
ÅÏ,teon
ÅÐ,teol
ÅÑ,teom
ÅÒ,teom
ÅÓ,teop
ÅÔ,teot
ÅÕ,teot
ÅÖ,teong
Å×,te
ÅØ,tek
ÅÙ,ten
ÅÚ,tel
ÅÛ,tem
ÅÜ,tep
ÅÝ,tet
ÅÞ,teng
Åß,tyo
Åà,tyeon
Åá,tyeot
Åâ,tye
Åã,tyen
Åä,to
Åå,tok
Åæ,ton
Åç,tol
Åè,tom
Åé,top
Åê,tot
Åë,tong
Åì,top
Åí,twah
Åî,twan
Åï,twae
Åð,toe
Åñ,toen
Åò,toet
Åó,toeng
Åô,tyo
Åõ,too
Åö,tuk
Å÷,tun
Åø,tul
Åù,tum
Åú,tup
Åû,tut
Åü,tung
Åý,two
Åþ,twot
Æ¡,twe
Æ¢,twi
Æ£,twik
Æ¤,twin
Æ¥,twil
Æ¦,twim
Æ§,twip
Æ¨,twing
Æ©,tyoo
Æª,tyun
Æ«,tyul
Æ¬,tyum
Æ­,tyung
Æ®,teoo
Æ¯,teuk
Æ°,tun
Æ±,teut
Æ²,teul
Æ³,teum
Æ´,teum
Æµ,teup
Æ¶,teut
Æ·,tui
Æ¸,tuin
Æ¹,tuil
Æº,tuim
Æ»,tuip
Æ¼,ti
Æ½,tik
Æ¾,tin
Æ¿,til
ÆÀ,tim
ÆÁ,tip
ÆÂ,tit
ÆÃ,ting
ÆÄ,pah
ÆÅ,pak
ÆÆ,pak
ÆÇ,pan
ÆÈ,pal
ÆÉ,pam
ÆÊ,pam
ÆË,pap
ÆÌ,pat
ÆÍ,pat
ÆÎ,pang
ÆÏ,pat
ÆÐ,pae
ÆÑ,paek
ÆÒ,paen
ÆÓ,pael
ÆÔ,paem
ÆÕ,paep
ÆÖ,paet
Æ×,paet
ÆØ,paeng
ÆÙ,pyah
ÆÚ,pyak
ÆÛ,po
ÆÜ,peok
ÆÝ,peon
ÆÞ,peol
Æß,peom
Æà,peop
Æá,peot
Æâ,peot
Æã,peong
Æä,pe
Æå,pek
Ææ,pen
Æç,pel
Æè,pem
Æé,pep
Æê,pet
Æë,peng
Æì,pyo
Æí,pyeon
Æî,pyeol
Æï,pyeom
Æð,pyeop
Æñ,pyeot
Æò,pyeong
Æó,pye
Æô,pyel
Æõ,pyep
Æö,pyet
Æ÷,po
Æø,pok
Æù,pon
Æú,pol
Æû,pom
Æü,pop
Æý,pot
Æþ,pong
Ç¡,pwah
Ç¢,pwang
Ç£,poe
Ç¤,poen
Ç¥,pyo
Ç¦,pyon
Ç§,pyol
Ç¨,pyop
Ç©,pyot
Çª,poo
Ç«,puk
Ç¬,pun
Ç­,put
Ç®,pul
Ç¯,pum
Ç°,pum
Ç±,pup
Ç²,put
Ç³,pung
Ç´,pwo
Çµ,pwong
Ç¶,pwi
Ç·,pwin
Ç¸,pwil
Ç¹,pwim
Çº,pwit
Ç»,pyoo
Ç¼,pyun
Ç½,pyul
Ç¾,pyum
Ç¿,pyut
ÇÀ,pyung
ÇÁ,peoo
ÇÂ,pun
ÇÃ,peul
ÇÄ,peum
ÇÅ,peup
ÇÆ,peut
ÇÇ,pee
ÇÈ,pik
ÇÉ,pin
ÇÊ,pil
ÇË,pim
ÇÌ,pip
ÇÍ,pit
ÇÎ,ping
ÇÏ,hah
ÇÐ,hak
ÇÑ,han
ÇÒ,hal
ÇÓ,hal
ÇÔ,ham
ÇÕ,hap
ÇÖ,hat
Ç×,hang
ÇØ,hae
ÇÙ,haek
ÇÚ,haen
ÇÛ,hael
ÇÜ,haem
ÇÝ,haep
ÇÞ,haet
Çß,haet
Çà,haeng
Çá,hyah
Çâ,hyang
Çã,ho
Çä,heok
Çå,heon
Çæ,heol
Çç,heom
Çè,heom
Çé,heop
Çê,heot
Çë,heong
Çì,he
Çí,hek
Çî,hen
Çï,hel
Çð,hem
Çñ,hep
Çò,het
Çó,heng
Çô,hyo
Çõ,hyoc
Çö,hyeon
Ç÷,hyeol
Çø,hyeom
Çù,hyeop
Çú,hyeot
Çû,hyeot
Çü,hyeong
Çý,hye
Çþ,hyen
È¡,hyel
È¢,hyep
È£,ho
È¤,hok
È¥,hon
È¦,hol
È§,hol
È¨,hom
È©,hop
Èª,hot
È«,hong
È¬,hot
È­,hwah
È®,hwak
È¯,hwan
È°,hwal
È±,hwat
È²,hwang
È³,hwae
È´,hwaek
Èµ,hwaen
È¶,hwaet
È·,hwaeng
È¸,hoe
È¹,hoek
Èº,hoen
È»,hoel
È¼,hoep
È½,hoet
È¾,hoeng
È¿,hyo
ÈÀ,hyon
ÈÁ,hyol
ÈÂ,hyop
ÈÃ,hyot
ÈÄ,hoo
ÈÅ,huk
ÈÆ,hun
ÈÇ,hul
ÈÈ,hul
ÈÉ,hum
ÈÊ,hut
ÈË,hung
ÈÌ,hwo
ÈÍ,hwon
ÈÎ,hwol
ÈÏ,hwom
ÈÐ,hwong
ÈÑ,hwe
ÈÒ,hwek
ÈÓ,hwen
ÈÔ,hwel
ÈÕ,hweng
ÈÖ,hwi
È×,hwik
ÈØ,hwin
ÈÙ,hwil
ÈÚ,hwim
ÈÛ,hwip
ÈÜ,hwit
ÈÝ,hwing
ÈÞ,hyoo
Èß,hyuk
Èà,hyun
Èá,hyul
Èâ,hyum
Èã,hyut
Èä,hyung
Èå,heoo
Èæ,heuk
Èç,hun
Èè,hun
Èé,heut
Èê,heul
Èë,heuk
Èì,heum
Èí,heup
Èî,heut
Èï,heung
Èð,heut
Èñ,hui
Èò,huin
Èó,huil
Èô,huim
Èõ,huip
Èö,huing
È÷,he
Èø,hik
Èù,hin
Èú,hil
Èû,him
Èü,hip
Èý,hit
Èþ,hing
